zotero key, pdf key, title, mission/instruments, models, dois, datasets, dois & datasets mapped
IF34DQIU,UXB8FJRM,2020_Vinogradova_Atmospheric Black Carbon and Surface Albedo in the Russian Arctic during Spring.pdf,, 'merra-2'(2); 'merra'(2); 'geos-5'(1), , M2T1NXAER, M2T1NXAER
CZCPVL6H,H4RUPPL9,2020_Getachew_Spatiotemporal distribution of aerosol optical depth and cloud properties over.pdf,'terra/modis'(6); 'aqua/modis'(3); 'terra/modis----level 3'(1), 'gdas'(2), ,,
YRJGVZVN,542M9TQH,2020_Zou_Responses of vegetation greening and land surface temperature variations to.pdf,, , ,,
IZ3BKNAF,2G53HRFK,2020_Ménard_Passive Solar Heating through Glazing.pdf,, , ,,
EBRJNAIV,AYGY3UQY,2020_Magnoni_Groundwater recharge and water table levels modelling using remotely sensed.pdf,, 'merra-2'(1); 'merra'(1), 10.5067/5NHC22T9375G, , FLDAS_NOAH01_C_GL_M
EVHNFLSM,DUXPGDZW,2020_Schwarz_Dynamic partitioning of tropical Indian Ocean surface waters using ocean colour.pdf,'aqua/modis'(2); 'oco-2/oco-2'(2); 'oco-2/oco-2----level 2'(2); 'terra/modis'(1); 'aqua/modis----level 3'(1), , , ACOS_L2S, ACOS_L2S
Y8GQJYFR,SN628LXN,2021_Demetriou_Can China decarbonize its electricity sector.pdf,, , ,,
TKN24EEM,G79NU3QB,2020_Henao_Annual and interannual complementarities of renewable energy sources in Colombia.pdf,, 'merra'(3); 'merra-2'(2), 10.5067/7MCPBJ41Y0K6; 10.5067/Q9QMY5PBNV1T, , M2T1NXFLX; M2T1NXRAD
RWFBKP46,K94CM43A,2020_Singh_A statistical approach to estimate equilibrium line altitude (ELA) and its.pdf,, 'merra'(1), ,,
76ZVIWH6,KJFFUBBL,2021_Sun_Worldwide performance assessment of 95 direct and diffuse clear-sky irradiance.pdf,, 'merra-2'(29); 'merra'(29), ,,
4HFYWG5D,DGNZS6KE,2020_Wang_Warmer spring alleviated the impacts of 2018 European summer heatwave and.pdf,'oco-2/oco-2'(1), 'merra-2'(3); 'merra'(3), ,,
HFIBESXW,DZ8XZFLP,2021_Tian_Vegetation greening in more than 94% of the Yellow River Basin (YRB) region in.pdf,, , ,,
AHZJCZIZ,2UBYPSCK,2020_Yu_Using High-Density Rain Gauges to Validate the Accuracy of Satellite.pdf,'trmm/pr'(2); 'trmm/virs'(1); 'trmm/tmi'(1); 'gpm/gmi'(1); 'gpm/dpr'(1), 'imerg'(27); 'tmpa'(3), ,,
4XV3D5D8,JFEW4VTI,2021_Kiel_Urban-focused satellite CO2 observations from the Orbiting Carbon Observatory-3.pdf,'oco-2/oco-2'(6); 'iss/oco-3'(1); 'sentinel-5p/tropomi'(1), , ,,
8GPHI6MF,JD6PN6BW,2020_Mitra_Urban hydrodynamics in the planned township of New Town West Bengal India.pdf,'terra/modis'(6), , 10.5067/TRMM/TMPA/MONTH/7, , TRMM_3B43
LR8W63CP,TVZGZZ6K,2021_Althoff_Uncertainty quantification for hydrological models based on neural networks.pdf,, 'imerg'(5); 'penman-monteith'(1), ,,
F938FWNK,UZKHBEIF,2020_Akay_UAV-based evaluation of morphological changes induced by extreme rainfall.pdf,'trmm/tmi'(1); 'trmm/pr'(1), , ,,
NFSUCWGR,37G67DFZ,2021_Hasan_Twentieth and Twenty-First Century Water Storage Changes in the Nile River.pdf,, , ,,
2QJGDVRJ,JWDCD4RX,2021_Sakazaki_Tropical Rainfall Variability Accompanying Global Normal Mode Oscillations.pdf,, , 10.5067/TRMM/TMPA/3H/7, , TRMM_3B42
KBWY8TJP,ZCXHGR92,2020_Liu_Tropical Cyclone Temperature Profiles and Cloud Macro--Micro-Physical.pdf,'aqua/airs'(1), , ,,
9U93DP5L,55L8YQYJ,2021_Bayat_Toward operational validation systems for global satellite-based terrestrial.pdf,'terra/modis'(9); 'aqua/modis'(7), 'penman-monteith'(3); 'merra-2'(2); 'merra'(2), ,,
HUI4Z9ER,GRFH7YUY,2020_Wyche_The spatio-temporal evolution of black carbon in the North-West European ‘air.pdf,, 'merra'(2); 'merra-2'(1), ,,
75DBL3VJ,3ZQT6QHF,2020_Papangelis_The Saharan convective boundary layer structure over large scale surface.pdf,'aqua/modis'(2), , ,,
WTTDIIHW,EXT86LQI,2021_Chen_The Role of Vegetation in Flash Drought Occurrence.pdf,, 'merra-2'(14); 'merra'(14), 10.5067/RKPHT8KC1Y1T, , M2T1NXLND
ZAVWMT8K,MTNBIHNF,2021_Taljegard_To Represent Electric Vehicles in Electricity Systems Modelling—Aggregated.pdf,, 'merra'(3), ,,
THI4F2LC,NN59BPXU,2021_Varotsos_The Signature of the Coronavirus Lockdown in Air Pollution in Greece.pdf,, , ,,
HQN6YXML,5D9W8FZU,2021_Lieberman_The Role of Inertial Instability in Cross-Hemispheric Coupling.pdf,'aura/mls'(1); 'dmsp/ssmis'(1), 'merra-2'(29); 'merra'(29), ,,
N4ILCSHM,ZL8R9LEM,2021_Rollings_The Observed Relationship between Pacific SST Variability and Hadley Cell.pdf,, 'merra-2'(4); 'merra'(4), , M2IMNPASM, M2IMNPASM
LGTHVGQQ,K84MW6CT,2021_Zhang_The exceptionally strong and persistent Arctic stratospheric polar vortex in.pdf,'aura/omi'(1); 'aura/omi----level-3'(1), , 10.5067/Aura/OMI/DATA3005, , OMDOAO3e
U8ETT3Y9,K8F7SDR8,2020_Lee_Temporal prediction modeling for rainfall-induced shallow landslide hazards.pdf,, 'tmpa'(1), ,,
DH8E75Y9,HDTVQMCD,2020_Lawal_Temporal evolution of atmospheric parameter-profiling on rain height over two.pdf,'trmm/pr'(9), , ,,
HFUDLRUP,F3V3K6KF,2021_Nishiyama_Temporal evolutions of $$-text {N}_2^+$$Meinel (12) band near $$1.pdf,'aura/mls'(5), , ,,
Z4LNB7RP,VHPAGI5B,2020_Mey_Temperature and precipitation in the southern Central Andes during the last.pdf,, , ,,
738DJD8Q,2MHDVIX8,2020_Sundsdal_Teatime in the Serengeti.pdf,, , ,,
T5TMSW67,U7LVI3WU,2021_Huang_Summertime low clouds mediate the impact of the large-scale circulation on.pdf,'aqua/modis'(3); 'terra/modis'(3); 'dmsp/ssmis'(2); 'dmsp/ssm/i'(2); 'nimbus-7/smmr'(2); 'aqua/airs----level 3'(1), , ,,
BELWQ25L,9A2N9KKX,2020_Zhou_Sub-seasonal variability of surface soil moisture over eastern China.pdf,, , ,,
RB3TWPSC,I9M9332D,2020_Lenczuk_Study on the inter-annual hydrology-induced deformations in Europe using GRACE.pdf,, , ,,
54JSBGPV,N7SC3M22,2021_Li_Spatiotemporal estimation of satellite-borne and ground-level NO2 using full.pdf,'aura/omi'(1); 'aqua/modis'(1); 'terra/modis'(1), 'merra'(16), , OMNO2, OMNO2
8AR3QVZ2,YQCHDYWH,2021_Sengupta_Spatiotemporal dynamics of temperature and precipitation with reference to.pdf,, , ,,
767NEZPL,8XSIU6T7,2021_Scully_Spatio-Temporal Dynamics of Plasmodium falciparum and Plasmodium vivax in.pdf,, , ,,
ZDFZLD6B,5NHSL4U6,2020_Jin_Spatial characteristics and temporal evolution of the relationship between PM2.pdf,'terra/modis'(16); 'aqua/modis'(10); 'aqua/modis----level 2'(1); 'terra/modis----level 2'(1); 'terra/modis----level-2'(1); 'aqua/modis----level-2'(1), 'merra-2'(4); 'merra'(4), ,,
6LNWEFDL,INJCA8Q9,2020_Park_Source-to-sink sediment fluxes and budget in the Chao Phraya River Thailand.pdf,, , ,,
4IWKQJA3,G9INA92Y,2020_Spennemann_Soil moisture evaluation over the Argentine Pampas using models satellite.pdf,, 'gdas'(1), ,,
Z2M56I8E,6C36XSQU,2021_Yan_SO2 mitigation in China’s coal-fired power plants.pdf,'aura/omi----level 2'(1); 'aura/omi'(1), , , OMSO2, OMSO2
48N9KJGK,5ZNH5I8R,2020_Doughty_Small anomalies in dry-season greenness and chlorophyll fluorescence for Amazon.pdf,'oco-2/oco-2'(11), 'tmpa'(1), ,,
ESGGMZK8,VXLPIWYY,2020_Kshevetskii_Simulation of Propagation of Acoustic-Gravity Waves Generated by Tropospheric.pdf,, 'merra-2'(4); 'merra'(4), ,,
EMMNTZHF,FC9WBGCD,2020_Pińskwar_Severe Drought in the Spring of 2020 in Poland—More of the Same.pdf,, , ,,
HQTNJ5S6,KM225IP7,2020_Rao_Seven centuries of reconstructed Brahmaputra River discharge demonstrate.pdf,, , ,,
ZGGV5J55,YCRNV8GV,2021_Choudhury_Seasonality in power law scaling of convective and stratiform rainfall with.pdf,'trmm/pr'(9); 'trmm/tmi'(2), , ,,
8CFV98VE,K2WVEFZ4,2020_Huggannavar_Seasonal Variability of Soil Moisture-Precipitation Feedbacks Over India.pdf,, 'merra'(9); 'merra-2'(5); 'observation based'(1), ,,
4XZD5W4M,CPIERM5D,2021_Seo_Secular polar motion observed by GRACE.pdf,, , ,,
9MICT94V,JWIYQYZL,2021_Strelnikova_Seasonal Cycle of Gravity Wave Potential Energy Densities from Lidar and.pdf,, 'merra-2'(36); 'merra'(36), 10.5067/WWQSXQ8IVFW8, , M2I3NVASM
LT235QD4,K6SAXNTD,2020_Klein_Seasonality and Trends of Drivers of Mesoscale Convective Systems in Southern.pdf,, 'imerg'(4); 'merra-2'(2); 'merra'(2), 10.5067/GPM/IMERG/3B-HH/06, , GPM_3IMERGHH
DPPFZBR2,6KNVL5HX,2021_Zhou_Rising Planetary Boundary Layer Height over the Sahara Deserts and Arabian.pdf,, 'merra-2'(52); 'merra'(52), 10.5067/AFOK0TPEVQEK; 10.5067/LUHPNWAKYIO3, , M2TUNXFLX; M2TUNXSLV
X4VEDMST,LFZXTLVR,2020_Vargas Buonfiglio_Seasonal Antimicrobial Activity of the Airway.pdf,, , , OMUVBd; OMUVB, OMUVBd; OMUVB
YJFXCWY6,6AG5GGN9,2021_Parisi_Satellite Monitoring of Environmental Solar Ultraviolet A (UVA) Exposure and.pdf,'aura/omi'(2), , ,,
NBJIC3U8,JU5LR5C3,2021_Beischer_Scope for predicting seasonal variation of the SPCZ with ACCESS-S1.pdf,, , ,,
B4JPZG5D,2KSGELFU,2021_Li_Responses of soil organic carbon to climate change in the Qilian Mountains and.pdf,, , ,,
ND3A6YNM,9V35DDX9,2020_Abolafia-Rosenzweig_Remotely sensed ensembles of the terrestrial water budget over major global.pdf,, , 10.5067/E7TYRXPJKWOQ, , GLDAS_NOAH025_3H
W45V9PUX,IDN4JXJW,2021_Shen_Regional evaluation of satellite-based methods for identifying leaf unfolding.pdf,, 'merra'(2), ,,
KTNSM8E7,MNRYPUIT,2021_Li_Regional contributions to interannual variability of net primary production and.pdf,, 'merra'(1), 10.5067/9SQ1B3ZXP2C5, , GLDAS_NOAH025_M
YFFNCLZU,GA6B4P5L,2020_Banik_Prediction of electrical energy consumption based on machine learning technique.pdf,, 'merra'(1), ,,
TW33MXF7,6KUAXG42,2021_Dutta_Recent advances in satellite mapping of global air quality.pdf,'terra/modis'(2); 'sentinel-5p/tropomi'(1); 'aqua/modis'(1), , ,,
8ZS5APJA,42JXKYIU,2020_Ottaviani_Precipitation seasonality promotes acquisitive and variable leaf.pdf,, , ,,
6283F863,9MYDE5DS,2021_Ugolnikov_Postvolcanic Aerosols.pdf,'aura/mls'(1), , , ML2T, ML2T
4EQC2FTN,VB35M66U,2021_Maheshwarkar_Population exposure across central India to PM 2.pdf,'aqua/modis'(2); 'terra/modis'(2), 'merra'(21); 'merra-2'(19); 'geos-5'(2), ,,
T4S2D2TK,T9WT9JFR,2021_Kawo_Performance evaluation of GPM-IMERG early and late rainfall estimates over Lake.pdf,, 'imerg'(59), ,,
QH3YFMQ3,WIH9F5AX,2020_Ma_Performance evaluation and correction of precipitation data using the 20-year.pdf,'trmm/pr'(7); 'trmm/pr----level 3'(1), 'imerg'(82); 'tmpa'(62), ,,
BC3E6LRV,88SUV485,2020_Sanap_On the dynamics of cyclogenesis rapid intensification and recurvature of the.pdf,, 'imerg'(2), ,,
MFC3UKR8,G243ZP8T,2020_Das_Multiplatform observations of stratosphere-troposphere exchange over the.pdf,'aura/mls'(9); 'aura/mls----level-2'(1), 'gdas'(2), 10.5067/Aura/MLS/DATA2009, , ML2H2O
8Z4FATCW,42KVAE6M,2020_Taylor_OCO-3 early mission operations and initial (vEarly) XCO2 and SIF retrievals.pdf,'oco-2/oco-2'(122); 'iss/oco-3'(25), 'geos-5'(1), 10.5067/W8QGIYNKS3JC; 10.5067/AJMZO5O3TGUR; 10.5067/1RJW1YMLW2F0, OCO2_L1B_Science; OCO3_L2_Standard, OCO2_L2_Lite_SIF; OCO2_L1B_Science; OCO3_L2_Standard; OCO2_L2_Lite_FP
DEWC5IFR,RD2NSS5P,2021_Jiang_Monitoring time-varying terrestrial water storage changes using daily GNSS.pdf,, , ,,
F55XSX9I,J5L4ZBYQ,2021_Bhat_Measurement and Modelling of Particulate Pollution over Kashmir Himalaya India.pdf,'aqua/modis'(3); 'terra/modis'(3), 'merra-2'(22); 'merra'(22), ,,
HHINTPPG,PNFEX9DY,2020_KC_Multi-hazard climate risk projections for the United States.pdf,, , ,,
JPIJIVMQ,YPKGXZEU,2020_Bell_Major geomorphic events and natural hazards during monsoonal precipitation 2018.pdf,, , 10.5067/GPM/IMERG/3B-HH/06, , GPM_3IMERGHH
Y94FLGUX,G7FSPFFB,2021_Malakar_Machine-learning-based regional-scale groundwater level prediction using GRACE.pdf,, , ,,
VKPPYY8Z,2VZ7W2M3,2020_Feng_Long-term trends and variations in haze-related weather conditions in north.pdf,, 'merra-2'(6); 'merra'(6), ,,
ZQVM9FUS,G8XUMSKH,2020_Shaheen_Long-term AOD trend assessment over the Eastern Mediterranean region.pdf,'terra/modis'(6); 'aqua/modis'(5); 'aqua/modis----level 2'(1); 'terra/modis----level 2'(1), 'merra'(81); 'merra-2'(79); 'geos-5'(1), ,,
3KJS2LIW,T7AUG6ZB,2021_Zhang_Long Island enhanced aerosol event during 2018 LISTOS.pdf,, 'merra-2'(1); 'merra'(1), ,,
FA27HGPE,99JYPCVZ,2021_Sobel_Large-scale state and evolution of the atmosphere and ocean during PISTON 2018.pdf,, , ,,
UVBUVM2S,YGSHHJI4,2020_Wang_Large Chinese land carbon sink estimated from atmospheric carbon dioxide data.pdf,'oco-2/oco-2'(8); 'terra/modis'(1), 'geos-chem'(3); 'geos-5'(1), 10.5067/W8QGIYNKS3JC, ACOS_L2_Lite_FP, ACOS_L2_Lite_FP; OCO2_L2_Lite_FP
XSKN2VCR,G9D8QUE9,2020_Bondur_Joint Analysis of Anomalies of Different Geophysical Fields Recorded from.pdf,'aqua/airs'(3), , ,,
P2JGNSW7,YVFD5F2C,2021_Kumar_Intriguing aspects of Asian Summer Monsoon Anticyclone Ozone variability from.pdf,'aura/mls'(1), , 10.5067/Aura/MLS/DATA/3209; 10.5067/Aura/MLS/DATA/3208; 10.5067/Aura/MLS/DATA/3217, , ML3MBH2O; ML3MBO3; ML3MBGPH
PWP2TN8L,BMM9YGGD,2021_Li_Investigating Decadal Changes of Multiple Hydrological Products and Land-Cover.pdf,'aqua/modis'(3); 'terra/modis'(3), 'penman-monteith'(1); 'gdas'(1), ,,
954PCLV7,KT4E45F7,2020_Sireesha_Insight into the precipitation behavior of gridded precipitation data in the.pdf,, 'merra'(35); 'tmpa'(2), ,,
4N6KRELZ,AIGXE8Q7,2020_Bekaert_InSAR-based detection method for mapping and monitoring slow-moving landslides.pdf,, , ,,
EHDB2XM6,J8PHWNZ6,2021_Kang_InSAR monitoring of creeping landslides in mountainous regions.pdf,, , ,,
S7E5EYSJ,5PW5YPEK,2021_Luo_Infrared satellite-derived sea surface skin temperature sensitivity to aerosol.pdf,'terra/modis'(9); 'aqua/modis'(2), 'merra-2'(24); 'merra'(24), ,,
Y3FHVGHJ,CNFZLTE8,2021_Bousquet_Influence of surface water variations on VOD and biomass estimates from passive.pdf,'aqua/amsr-e'(1); 'gcom-w1/amsr2'(1), , ,,
PM8XFWRK,HFUHFGDH,2021_Nayak_Incorporation of Surface Observations in the Land Data Assimilation System and.pdf,, 'merra'(4), ,,
XPFB7VV9,52ZUH5EU,2021_Zhang_Improving the Resolution and Accuracy of Groundwater Level Anomalies Using the.pdf,, , ,,
8KACM333,2XBW5AM8,2020_Yin_Improved water storage estimates within the North China Plain by assimilating.pdf,'trmm/pr'(4), , ,,
ENBQDFEY,HYQT8F7I,2020_Li_Improved ET assimilation through incorporating SMAP soil moisture observations.pdf,, 'penman-monteith'(1); 'merra'(1), ,,
R7CAN3R7,QJ83IYKT,2021_Castro_Implications of the temporal variations of geoid heights over South American.pdf,, , ,,
G44HDLZW,ADH2BGP4,2021_Bieri_Impacts of Large-Scale Soil Moisture Anomalies on the Hydroclimate of.pdf,, 'merra-2'(28); 'merra'(28), 10.5067/RKPHT8KC1Y1T; 10.5067/7MCPBJ41Y0K6, , M2T1NXLND; M2T1NXFLX
B33ZXWN7,4D66AM5U,2021_Fang_Impacts of the Kuroshio Intrusion through the Luzon Strait on the Local.pdf,, 'tmpa'(1), ,,
BDK6GPVU,LK9N3X23,2021_Edwards_Impact of various air mass types on cloud condensation nuclei concentrations.pdf,, 'merra-2'(10); 'merra'(10); 'environmental modeling'(1), ,,
WXBBYDR4,P6DJZRNF,2021_Pérot_Impact of the major SSWs of February 2018 and January 2019 on the middle.pdf,'scisat-1/ace/ace-fts'(1), 'merra'(14); 'merra-2'(12), ,,
NV32P7UL,S4YCFTPS,2020_Pradhan_Impact of Sampling of GPM Orbital Data on Streamflow Simulations.pdf,'gpm/dpr'(2); 'gpm/dpr----level 2'(2); 'gpm/gmi'(1), 'imerg'(3), ,,
VE3A8U8Z,WZB94Y2Q,2021_Guo_Identifying contributions of climatic and atmospheric changes to autumn.pdf,, , ,,
M6CE8NS6,NFBTJYLD,2020_Bhimala_Identification of vegetation responses to soil moisture rainfall and LULC.pdf,'terra/modis'(2); 'trmm/tmi'(1); 'aqua/modis'(1), 'tmpa'(1), ,,
365RHQWF,65WQICXG,2020_Li_Groundwater recharge estimated by land surface models.pdf,, , ,,
P556JWP9,AQDTFPWL,2020_Li_Global-scale assessment and inter-comparison of recently developed-reprocessed.pdf,'gcom-w1/amsr2'(1); 'trmm/tmi'(1), 'geos-5'(1); 'imerg'(1), 10.5067/M5DTR2QUYLS2, , LPRM_AMSR2_A_SOILM3
FLS53CBZ,XQVHRSNK,2021_Mangla_First steps towards an all-sky assimilation framework for tropical cyclone.pdf,'gpm/gmi'(1); 'trmm/tmi'(1), , ,,
HC8R5T9M,VF57SZND,2020_Pourmansouri_Evaluation of vegetation and evapotranspiration changes in Iran using satellite.pdf,, 'penman-monteith'(5), ,,
9HAF2P3R,RV4CUMRH,2020_Mukhopadhyay_Evaluation of the convective mass flux profiles associated with cumulus.pdf,, 'merra'(2), ,,
LTAGCP4I,E2MK4DI4,2021_Kumar_Evaluation of INSAT-3D-derived Hydro-Estimator and INSAT Multi-Spectral Rain.pdf,, 'imerg'(11), ,,
74GH6BH6,69ERAWN2,2021_Noor_Evaluating intensity-duration-frequency (IDF) curves of satellite-based.pdf,, 'imerg'(1), , TRMM_3B42, TRMM_3B42
KY3CCJLT,QTIA4YRH,2021_Mohan_Evaluating different lightning parameterization schemes to simulate lightning.pdf,, 'tmpa'(2), ,,
LJQMGVPL,IV7RA7R6,2021_Xing_Estimation of cross-boundary aerosol flux over the Edmonton-Calgary Corridor in.pdf,, 'merra-2'(4); 'merra'(4); 'geos-5'(1), 10.5067/2YOIQB5C3ACN, , M2TMNPTRB
R6PPNILX,UT3KLA8Q,2020_Chao_Estimation of component contributions to total terrestrial water storage change.pdf,, , ,,
SXZ69KIT,AY75UAA7,2020_Bolaño-Ortiz_ENSO and Light-Absorbing Impurities and Their Impact on Snow Albedo in the.pdf,'terra/modis'(1), 'merra'(8); 'merra-2'(6); 'gdas'(1), 10.5067/FH9A0MLJPC7N; 10.5067/KLICLTZ8EM9D, , M2TMNXAER; M2T1NXAER
P3N8RV8J,Z6CC3ZUF,2020_Shikwambana_Emissions of toxic gases and aerosols in southern Africa observed during the.pdf,'aqua/modis'(1); 'terra/modis'(1); 'sentinel-5p/tropomi'(1), 'merra'(6); 'merra-2'(5), ,,
DVPWMD8V,TNYLLKU4,2021_Bikkina_Dry-deposition of inorganic and organic nitrogen aerosols to the Arabian Sea.pdf,, , ,,
JF5DVPQQ,3QYHV46J,2021_Mahmud_Drought dynamics of Northwestern Teesta Floodplain of Bangladesh.pdf,'trmm/tmi'(1), , 10.5067/TTO0VJF2FSYR; 10.5067/8CHFMAWJQTCP, GLDAS_NOAH10_M, GPCPMON; LPRM_TMI_DY_SOILM3; GLDAS_NOAH10_M
LA82D4QV,KE88TT2V,2020_Yang_Diurnal Sea surface temperature response to tropical cyclone Dahlia in the.pdf,, 'merra'(7), ,,
WWP3LGCR,KGARI3IM,2020_Senanayake_Disaggregating satellite soil moisture products based on soil thermal inertia.pdf,'aqua/modis'(5); 'terra/modis'(1), 'observation based'(2); 'gdas'(1), ,,
JYPBJR7N,H79CJQIL,2020_Wilks_Diatom and coccolithophore species fluxes in the Subtropical Frontal Zone east.pdf,, 'nobm'(2), ,,
JDEZ3PS3,2H6EN9ND,2021_Mroz_Cross-validation of active and passive microwave snowfall products over the.pdf,'gpm/dpr'(4); 'gpm/gmi'(2), , ,,
L43Q2PSE,WQUR8SLS,2021_Liu_Credibility and statistical characteristics of CAMSRA and MERRA-2 AOD.pdf,'aqua/modis'(3); 'terra/modis'(3); 'aqua/modis----level 2'(1); 'terra/modis----level 2'(1), 'merra'(45); 'merra-2'(44); 'geos-5'(2), ,,
UEAJLARE,C4M7C7D6,2021_Rahaman_COVID-19’s lockdown effect on air quality in Indian cities using air quality.pdf,'terra/modis'(7), 'merra-2'(9); 'merra'(9), ,,
X5HPS7V6,QBKTPY7E,2020_Vinogradova_Concentration of Black Carbon in the Near-Surface Atmosphere in the.pdf,'terra/modis'(1), 'merra-2'(9); 'merra'(9); 'geos-5'(2), ,,
Q56ASJVZ,B3JE5BCV,2020_Fuwan_Comprehensive validation of the latest IMERG V06 precipitation estimates over a.pdf,, 'imerg'(49); 'tmpa'(19), ,,
AK9N4922,GZRYRSN2,2020_Gore_Comparisons of upper air ozone at a coastal and urban site and the impacts of.pdf,, 'merra-2'(4); 'merra'(4); 'gdas'(1), 10.5067/VJAFPLI1CSIV; 10.5067/Aqua/AIRS/DATA303, , AIRS3STD; M2T1NXSLV
AUF4UWIC,XDVMZ3VI,2020_Yao_Contribution of Tropical Cyclones to Precipitation around Reclaimed Islands in.pdf,, 'imerg'(12), ,,
D7NPZ3L3,HCHWSGW3,2021_Yuan_Comparison of Two Multisatellite Algorithms for Estimation of Tropical Cyclone.pdf,'trmm/pr'(1), 'tmpa'(95); 'imerg'(94), ,,
L8435P9H,KBMA4W5Z,2021_Lin_Characterization of intra-continental smoke transport and impact on New York.pdf,'aqua/modis'(1); 'terra/modis'(1); 'suomi-npp/viirs'(1); 'aqua/airs'(1), 'merra-2'(15); 'merra'(15); 'geos-5'(1), ,,
SJMJYRFQ,F3UR4L4G,2021_Ramachandran_Black carbon aerosols over source vs.pdf,, 'merra'(23); 'merra-2'(22); 'tmpa'(1), ,,
MAMREWCW,BFZUL8YQ,2020_Ningombam_Atmospheric opacity using 220 GHz (1.pdf,'aqua/airs'(1); 'aqua/amsu-a'(1), 'merra-2'(30); 'merra'(30), ,,
LZUYWKTN,HLXBIX84,2021_Mocko_Assimilation of vegetation conditions improves the representation of drought.pdf,'oco-2/oco-2'(14); 'gosat/tanso-fts'(2); 'oco-2/oco-2----level 2'(1), , ,,
LKMMSVAR,QN8IWXQ8,2021_Junior_Assessment of Remote Sensing and Re-Analysis Estimates of Regional.pdf,'gpm/gmi'(2); 'gpm/dpr'(2); 'trmm/virs'(1); 'trmm/tmi'(1); 'trmm/pr'(1), 'merra'(26); 'imerg'(3); 'geos-5'(2); 'merra-2'(1); 'tmpa'(1), , GPCPMON; GPM_3IMERGDF, GPCPMON; GPM_3IMERGDF
4IXDKKFB,NSC7JBM2,2021_Zhang_Assimilation of OCO-2 retrievals with WRF-Chem-DART.pdf,'oco-2/oco-2'(14); 'gosat/tanso-fts'(2); 'oco-2/oco-2----level 2'(1), , ,,
TST937RM,69RRT46T,2021_Wang_Assessment of four latest long-term satellite-based precipitation products in.pdf,'meteorological stations/rain gauges'(1), 'tmpa'(28), ,,
8Z2KCXDF,SCYILSS7,2020_Atiqul Islam_Assessment and comparison of five satellite precipitation products in Australia.pdf,'trmm/tmi'(2); 'trmm/pr'(2); 'gpm/gmi'(1); 'gpm/dpr'(1), 'tmpa'(53); 'imerg'(50); 'merra-2'(1); 'merra'(1), ,,
M8R5DQV5,CMXZJ8D4,2021_Shikwambana_Assessing the Relationship between Economic Growth and Emissions Levels in.pdf,, 'merra-2'(9); 'merra'(9), ,,
P2KQ9FH3,XDBTMEAZ,2020_Umar_Application of regression in seasonal flow forecasting for Upper Indus Basin of.pdf,, 'merra'(2); 'merra-2'(1), ,,
USJ82FZU,H59XS5NC,2020_Tao_Application of NASA-Unified WRF model to carbon dioxide simulation- model.pdf,'oco-2/oco-2----level 2'(1); 'gosat/tanso-fts----level 2'(1); 'oco-2/oco-2'(1), 'merra'(21); 'merra-2'(20); 'geos-5'(6), , ACOS_L2_Lite_FP, ACOS_L2_Lite_FP
Q9Y78YGQ,6ZFCK4T4,2020_Kubryakov_Application of Landsat imagery for the investigation of wave breaking.pdf,, 'merra'(4); 'geos-5'(1), ,,
BNHSPP87,8ZRRLRXI,2020_Li_Analysis of the spatial distribution of precipitation and topography with GPM.pdf,'trmm/pr'(5); 'gpm/dpr'(2); 'gpm/gmi'(1), 'imerg'(11), ,,
CEE5X2SN,34YIUBRW,2020_Fernández_Are environmental pollution and biodiversity levels associated to the spread.pdf,, 'imerg'(1); 'merra-2'(1); 'merra'(1), , GPM_3IMERGDE; M2SDNXSLV, GPM_3IMERGDE; M2SDNXSLV
WRC2586M,M9CZMVXG,2020_Kumar_An assessment of radiative flux biases in the climate forecast system model.pdf,, , ,,
GMLQV4SI,7GHC7F3E,2020_Liu_An Environmental Data Collection for COVID-19 Pandemic Research.pdf,'aura/omi'(3); 'suomi-npp/viirs'(1), 'merra'(6); 'merra-2'(5); 'imerg'(5), ,,
CDRIT9NP,HUW9YAWL,2020_Eldardiry_Accounting for Inter-Annual and Seasonal Variability in Assessment of Water.pdf,, , ,,
K6MNXV3L,BPVS43A3,2020_Hu_A spatial downscaling method for SMAP soil moisture through visible and.pdf,'terra/modis'(3), 'imerg'(1), ,,
RIPV5KYJ,TE47I5X6,2020_Sadeghi_A new approach for bias adjustment of IMERG remotely sensed snowfall product.pdf,, 'imerg'(18), , GPM_3IMERGHH, GPM_3IMERGHH
BD7AIA55,PKDDGSUN,2021_Gopikrishnan_A decade of satellite observations reveal significant increase in atmospheric.pdf,'aura/omi'(1), , 10.5067/Aura/OMI/DATA3010, , OMHCHOd
V3MVGAZY,JVSVW22R,2020_Roshny_An assessment of a very severe cyclonic storm in the Arabian sea using the.pdf,, 'imerg'(16); 'gdas'(1), 10.5067/GPM/IMERGDF/DAY/06, , GPM_3IMERGDF
CYEX7PRL,E957SSUB,2021_Zhou_Adequacy of Near Real-Time Satellite Precipitation Products in Driving Flood.pdf,, 'imerg'(20), ,,
WIQ6P659,LSS6N3YR,2021_Buchholz_Air pollution trends measured from Terra.pdf,'terra/modis'(7); 'aqua/modis'(4); 'aqua/airs'(2); 'suomi-npp/cris'(1), , 10.5067/Aqua/AIRS/DATA202; 10.5067/9NPOTPIPLMAW, SNPPCrISL1B, AIRS2RET; SNPPCrISL1B
XHJK3AVU,Y7BDYL5W,2021_Yu_A Comprehensive Evaluation of Latest GPM IMERG V06 Early Late and Final.pdf,'gpm/gmi'(1); 'gpm/dpr'(1), 'imerg'(60); 'merra-2'(1); 'merra'(1), ,,
CUYZJEF2,RHVDJPKZ,2021_Li_The semi-diurnal cycle of deep convective systems over Eastern China and its.pdf,'himawari-8/ahi----level-2'(2); 'gpm/gmi'(1); 'gpm/dpr'(1), 'imerg'(4), ,,
PAKQFIEI,V2LKUZDS,2020_Palash_The record 2017 flood in South Asia.pdf,, 'tmpa'(11); 'imerg'(2), 10.5067/TRMM/TMPA/DAY/7, GPM_3IMERGDE, GPM_3IMERGDE; TRMM_3B42_Daily
F6EN35XT,2JYBPBXD,2020_Ahmed_Hydrologic Assessment of TRMM and GPM-Based Precipitation Products in.pdf,, 'imerg'(45); 'tmpa'(9), ,,
TFFLU9XR,LCTKSLDK,2020_Frappart_Groundwater Storage Changes in the Major North African Transboundary Aquifer.pdf,'trmm/virs'(1); 'trmm/tmi'(1); 'trmm/pr'(1), 'tmpa'(1), , TRMM_3B43, TRMM_3B43
NCP4JX9E,8FV9HCRK,2021_Molero_Effect of Vertical Profile of Aerosols on the Local Shortwave Radiative Forcing.pdf,, , ,,
LQNHCX3J,FHPTD6I4,2021_Nogueira_Dust arriving in the Amazon basin over the past 7500 years came from diverse.pdf,, , 10.5067/Aura/OMI/DATA3001, , OMTO3d
P5B46DC6,A98JTYZU,2020_Sarangi_Dust dominates high-altitude snow darkening and melt over high-mountain Asia.pdf,'terra/modis'(1), 'merra'(12); 'merra-2'(8); 'gdas'(2); 'geos-5'(1), ,,
93LCTQ88,5YCJ8ERK,2021_Zhang_Downscaling Groundwater Storage Data in China to a 1-km Resolution Using.pdf,, , ,,
V5TBGHB9,WCDLZCZC,2021_Vishwakarma_Downscaling GRACE total water storage change using partial least squares.pdf,, 'merra'(2), ,,
5SHRATXW,ZM33YW3K,2020_Wu_Divergent effects of climate change on future groundwater availability in key.pdf,, , ,,
6RSXMJIT,LTEZBD9N,2020_Du_Characterization of the Recharge-Storage-Runoff Process of the Yangtze River.pdf,, 'tmpa'(1), ,,
PV928Q94,YLXVHAQR,2021_Shikwambana_Observations of Emissions and the Influence of Meteorological Conditions during.pdf,'sentinel-5p/tropomi'(3), 'merra-2'(7); 'merra'(7), ,,
L2UP4CMY,YCIZDRA2,2020_Filonchyk_Impact Assessment of COVID-19 on Variations of SO2 NO2 CO and AOD over East.pdf,'aura/omi'(2); 'aqua/airs'(2); 'aqua/modis'(2); 'aura/omi----level 3'(1); 'aqua/modis----level 2'(1); 'terra/modis----level 2'(1), , ,,
5WK2FSGU,LK6SRY36,2021_Kalluri_Impact of aerosols on surface ozone during COVID-19 pandemic in southern India.pdf,'aura/omi'(1); 'terra/modis----level 3'(1); 'aqua/modis----level 3'(1), , , OMNO2d; OMNO2, OMNO2d; OMNO2
3LU549RM,84XHIT8V,2020_Corral_Source Apportionment of Aerosol at a Coastal Site and Relationships with.pdf,'aqua/modis'(1), 'merra-2'(1); 'merra'(1), ,,
RCNIMRNV,DRX9VV22,2020_Rizza_Analysis of the ETNA 2015 Eruption Using WRF–Chem Model and Satellite.pdf,'aura/omi'(3); 'meteosat/seviri'(1), , ,,
IA79KKTM,S4K5X2QG,2021_Singh_Simulation of an extreme dust episode using WRF-CHEM based on optimal ensemble.pdf,'terra/modis'(2), 'merra'(36); 'merra-2'(26), 10.5067/KLICLTZ8EM9D, , M2T1NXAER
5T8UQDCY,YLDEZLC8,2021_Mostafa_The impact of COVID 19 on air pollution levels and other environmental.pdf,'aura/omi'(1); 'sentinel-5p/tropomi'(1), , ,,
M4SV2FBG,QI3LZK9R,2020_Shah_Effect of Ocean Warming on Cloud Properties Over India and Adjoining Oceanic.pdf,'aqua/modis'(2); 'terra/modis'(2); 'terra/modis----level 3'(1), 'merra'(3); 'geos-5'(2); 'merra-2'(2), ,,
WYDXJF96,DXADKCEL,2020_Pullwer_Particulate trace metal fluxes in the center of an oceanic desert.pdf,, , ,,
LB2AS8SH,IINSUWQ3,2021_Banik_An Improved ANN Model for Prediction of Solar Radiation Using Machine Learning.pdf,, 'merra'(1), ,,
AFY9JUN3,P8MGYH5R,2020_Koster_Using a Simple Water Balance Framework to Quantify the Impact of Soil Moisture.pdf,, 'merra'(52); 'merra-2'(51), 10.5067/RKPHT8KC1Y1T; 10.5067/7MCPBJ41Y0K6; 10.5067/VJAFPLI1CSIV; 10.5067/Q9QMY5PBNV1T, , M2T1NXSLV; M2T1NXLND; M2T1NXFLX; M2T1NXRAD
GC8T35RZ,Y8SNLQX3,2020_Jaber_TRMM 3B43 Product-Based Spatial and Temporal Anatomy of Precipitation Trends.pdf,, 'tmpa'(1), 10.5067/TRMM/TMPA/MONTH/7, , TRMM_3B43
RMF3CTUQ,ELEVHAAZ,2020_Wang_Drought evaluation over Yangtze River Basin based on weighted water storage.pdf,, 'imerg'(2), ,,
WFMSH4KE,WS28YV5P,2020_Zhuang_Impact of track forecast error on tropical cyclone quantitative precipitation.pdf,, 'imerg'(1), , GPM_3IMERGHH, GPM_3IMERGHH
M2EAK87D,GH95YA3I,2020_Boluwade_Spatial-Temporal Assessment of Satellite-Based Rainfall Estimates in Different.pdf,, 'tmpa'(2); 'imerg'(1), , TRMM_3B43, TRMM_3B43
7699VEJN,AIS24DD3,2020_Nguyen_Characterizing a landmark biomass-burning event and its implication for aging.pdf,'aqua/modis'(2), 'merra-2'(9); 'merra'(9); 'gdas'(1), ,,
TP34IC85,2HJITQDX,2020_Lefèvre_Amazon River propagation evidenced by a CO2 decrease at 8°N 38°W in September.pdf,'aqua/modis'(1), , ,,
S2B72CVQ,UX5458P9,2020_Yamazaki_Whole Atmosphere Model Simulations of Ultrafast Kelvin Wave Effects in the.pdf,'aura/mls'(16); 'aura/mls----level 2'(1), , ,,
WLQ9YYUI,32SY9F2F,2020_Shin_Variations in Ozone Concentration over the Mid-Latitude Region Revealed by.pdf,'aura/omi'(2); 'aura/omi----level 3'(1), 'gdas'(1), 10.5067/Aura/OMI/DATA3001, , OMTO3d
R7W2T55H,ERN4WQKF,2020_Chapa_A multi-parameter method to quantify the potential of roof rainwater harvesting.pdf,, , ,,
Z8JEGZB9,397XLMDA,2020_Yeditha_Forecasting of extreme flood events using different satellite precipitation.pdf,, 'imerg'(1), ,,
SXI82IZS,999K6B3H,2020_Ye_Dependence of tropical cyclone damage on maximum wind speed and socioeconomic.pdf,, 'tmpa'(2), ,,
CYQ5D8WF,XXXXTIDS,2020_Goble_Who Received the Most Rain Today.pdf,, , ,,
EP95GDKA,HXL3RF38,2020_Chul Jung_Towards a Soil Moisture Drought Monitoring System for South Korea.pdf,'trmm/tmi'(1); 'dmsp/ssm/i'(1); 'aqua/amsr-e'(1), 'merra-2'(9); 'merra'(9); 'observation based'(2); 'gdas'(1), ,,
DDLF4XSJ,PIS6HIWM,2020_Duc_Spatial-Temporal Pattern of Black Carbon (BC) Emission from Biomass Burning and.pdf,'aqua/modis'(5); 'terra/modis'(3), 'merra'(13); 'merra-2'(11); 'geos-5'(6); 'gdas'(1), ,,
LFMGSPEJ,K2ZRMSRZ,2020_Qiao_Satellite Observed Positive Impacts of Fog on Vegetation.pdf,'terra/modis'(1), , ,,
